{
    "epochs": [
        0,
        1,
        2,
        3,
        4,
        5,
        6,
        7,
        8,
        9,
        10,
        11,
        12,
        13,
        14,
        15,
        16,
        17,
        18,
        19,
        20,
        21,
        22,
        23,
        24,
        25,
        26,
        27,
        28,
        29,
        30,
        31,
        32,
        33,
        34
    ],
    "lr": [
        0.0002,
        0.0004,
        0.0006,
        0.0008,
        0.001,
        0.0008535533905932737,
        0.0005,
        0.00014644660940672628,
        0.001,
        0.0009619397662556434,
        0.0008535533905932737,
        0.000691341716182545,
        0.0005,
        0.0003086582838174551,
        0.00014644660940672628,
        3.806023374435663e-05,
        0.001,
        0.0009903926402016153,
        0.0009619397662556434,
        0.0009157348061512727,
        0.0008535533905932737,
        0.0007777851165098011,
        0.000691341716182545,
        0.0005975451610080642,
        0.0005,
        0.00040245483899193594,
        0.0003086582838174551,
        0.00022221488349019903,
        0.00014644660940672628,
        8.426519384872733e-05,
        3.806023374435663e-05,
        9.607359798384786e-06,
        4.803679899192393e-06,
        2.4018399495961964e-06,
        1.2009199747980982e-06
    ],
    "train_time": [
        866.5132522583008,
        859.6265769004822,
        856.421389579773,
        859.6069285869598,
        857.2276380062103,
        856.4910349845886,
        854.0948746204376,
        856.0614657402039,
        855.5150418281555,
        854.0134034156799,
        854.8126964569092,
        853.6999485492706,
        852.9415009021759,
        854.4548809528351,
        855.8385710716248,
        857.8623480796814,
        857.9038140773773,
        855.5923981666565,
        856.5470225811005,
        857.2918288707733,
        855.3152070045471,
        854.4198155403137,
        855.881204366684,
        855.6678657531738,
        855.8912060260773,
        857.9154307842255,
        856.8813452720642,
        855.5863299369812,
        856.437985420227,
        855.0881559848785,
        854.8819696903229,
        855.6219527721405,
        854.2718091011047,
        855.5657277107239,
        850.7834537029266
    ],
    "test_time": [
        24.247010231018066,
        23.296284437179565,
        23.584673404693604,
        23.45476722717285,
        23.800100564956665,
        23.483134269714355,
        23.383426666259766,
        23.38815927505493,
        23.47406005859375,
        23.540627241134644,
        23.481169939041138,
        23.522891521453857,
        23.444611310958862,
        23.464945793151855,
        23.458348989486694,
        23.61379075050354,
        23.53290891647339,
        23.325987815856934,
        23.510573387145996,
        23.435486555099487,
        23.474072456359863,
        23.491591930389404,
        23.519055604934692,
        23.34496831893921,
        23.554590702056885,
        23.474447011947632,
        23.452059030532837,
        23.51443839073181,
        23.41931653022766,
        23.37976884841919,
        23.521075010299683,
        23.744975328445435,
        23.55048894882202,
        23.433929681777954,
        22.66527247428894
    ],
    "val_time": [
        24.014649391174316,
        23.576053380966187,
        23.452674388885498,
        23.281383514404297,
        23.23241949081421,
        23.43741750717163,
        23.46129560470581,
        23.36985993385315,
        23.367732524871826,
        23.381977081298828,
        23.30111026763916,
        23.33072590827942,
        23.273209810256958,
        23.3677499294281,
        23.650434494018555,
        23.303882598876953,
        23.301640510559082,
        23.507378101348877,
        23.390438079833984,
        23.36730670928955,
        23.266660928726196,
        23.356054067611694,
        23.480915784835815,
        23.253577709197998,
        23.365172624588013,
        23.31980800628662,
        23.39952516555786,
        23.364378213882446,
        23.367032766342163,
        23.25578236579895,
        23.317935705184937,
        23.325836420059204,
        23.300833463668823,
        23.41322922706604,
        22.60998010635376
    ],
    "train_loss": [
        0.4369333984375,
        0.4153292578125,
        0.400521171875,
        0.3938232421875,
        0.3898869140625,
        0.38430078125,
        0.377931171875,
        0.37179921875,
        0.38229453125,
        0.380639375,
        0.3779627734375,
        0.375110859375,
        0.37213625,
        0.368953515625,
        0.36607140625,
        0.3636783984375,
        0.37645625,
        0.3760866796875,
        0.37512921875,
        0.374258125,
        0.3732144921875,
        0.372045078125,
        0.3709166015625,
        0.3696766796875,
        0.36827640625,
        0.36674890625,
        0.365168359375,
        0.363452734375,
        0.361961484375,
        0.36027671875,
        0.35899953125,
        0.3581843359375,
        0.3579455859375,
        0.3578585546875,
        0.357786640625
    ],
    "val_loss": [
        0.4200515625,
        0.4191322265625,
        0.3949978125,
        0.3953382421875,
        0.3950581640625,
        0.38365890625,
        0.3762583203125,
        0.3722978125,
        0.38993609375,
        0.37866640625,
        0.3896183984375,
        0.375631953125,
        0.37329375,
        0.369505,
        0.368665859375,
        0.366986875,
        0.37750578125,
        0.374926640625,
        0.3745198828125,
        0.3766075390625,
        0.37332875,
        0.3785148046875,
        0.37152953125,
        0.372081953125,
        0.3699403515625,
        0.3690965234375,
        0.3665626171875,
        0.3680596484375,
        0.367077421875,
        0.3656425,
        0.3653821875,
        0.365282421875,
        0.365383046875,
        0.3652971484375,
        0.3653144140625
    ],
    "test_loss": [
        0.422423359375,
        0.419664453125,
        0.3964729296875,
        0.3964878125,
        0.3956644921875,
        0.3853471484375,
        0.3778119140625,
        0.372893125,
        0.3907300390625,
        0.380181328125,
        0.39101171875,
        0.376079453125,
        0.374765078125,
        0.370603203125,
        0.369376171875,
        0.3681596875,
        0.3782260546875,
        0.3767446484375,
        0.37592203125,
        0.37716140625,
        0.3745690234375,
        0.3800312109375,
        0.3731903515625,
        0.373116484375,
        0.3712854296875,
        0.36982390625,
        0.367622578125,
        0.369066015625,
        0.369037421875,
        0.36704828125,
        0.366848359375,
        0.3667764453125,
        0.366880234375,
        0.3668462109375,
        0.36680484375
    ],
    "train_acc": [
        0.802579375,
        0.81686,
        0.826465625,
        0.830653125,
        0.832816875,
        0.835803125,
        0.83941125,
        0.84263375,
        0.836956875,
        0.837833125,
        0.83932375,
        0.841000625,
        0.84236625,
        0.8444425,
        0.845950625,
        0.8471,
        0.84023625,
        0.840614375,
        0.84088375,
        0.841448125,
        0.842158125,
        0.842849375,
        0.84330125,
        0.84400625,
        0.844623125,
        0.84531125,
        0.84633875,
        0.847285,
        0.848125,
        0.84902875,
        0.849666875,
        0.85018625,
        0.850158125,
        0.85031,
        0.850351875
    ],